Version 1.0,"Warning!  Calc Price displays a value when Size 1 and Size 2 (if applicable) are entered.  Make sure to read what Size1 and Size2 refer to in the comments field, fill out the appropriate size values before using calc price.",,,,,,,,,,,,,,,,,
19-May-25,Warning! Check Added/Modified Date to make sure you have the current costs.  Some errors were found in the hose clamp equations in the calc price cell.,,,,,,,,,,,,,,,,,
Fastener ID,Fastener,Size 1,Unit 1,Size 2,Unit 2,Category,Supplier,c1,c2,Table Price,System,Category,Calc Price,Attachment,DateAdded/Modified,Mass,Comments,
,"Steel Loop Straps, Rubber-Cushioned", 25.40 ,mm,,,Clamp,,0.65,0.65, [C1]*[Size1]+[C2] ,,Clamp, ₹  17.16 ,,10-May-17,,[Size1]=final clamped diameter [mm],
,Galvanized Steel Loop Straps, 25.40 ,mm,,,Clamp,,0.13,5.20, [C1]*[Size1]+[C2] ,,Clamp, ₹  8.50 ,,10-May-17,,[Size1]=final clamped diameter [mm],
,"Galvanized Steel Loop Straps, Rubber coated", 25.40 ,mm,,,Clamp,,0.26,5.20, [C1]*[Size1]+[C2] ,,Clamp, ₹  11.80 ,,10-May-17,,[Size1]=final clamped diameter [mm],
,Metal fixed loop swivel snap, 25.40 ,mm,,,,,0.34,16.90, [C1]*[Size1]+[C2] ,,, ₹  25.65 ,,10-May-17,,[Size1]=width of strap (mm).  ,
,"Hose Clamp, Spring Steel", 25.40 ,mm,,,Clamp,,0.91,, [C1]*[Size1] ,,Clamp, ₹  23.11 ,,10-May-17,,[Size1]=final clamped diameter [mm],
,"Hose Clamp, Constant Tension", 25.40 ,mm,,,Clamp,,8.00,169.00, [C1]*[Size1]+[C2] ,,Clamp, ₹  372.07 ,,10-May-17,,[Size1]=final clamped diameter [mm],
,"Hose Clamp, Miniature Bolt", 25.40 ,mm,,,,,0.26,32.50, [C1]*[Size1]+[C2] ,,, ₹  39.10 ,,10-May-17,,[Size1]=final clamped diameter [mm],
,"Hose Clamp, Single Wire", 6.35 ,mm,,,,,0.26,1.30, [C1]*[Size1]+[C2] ,,, ₹  2.95 ,,10-May-17,,[Size1]=final clamped diameter [mm],
,"Hose Clamp, V-Band Quick Release",  50.00 ,mm,,,,,7.67,679.90, [C1]*[Size1]+[C2] ,,," ₹  1,063.40 ",,10-May-17,,[Size1]=final clamped diameter [mm], 
,"Hose Clamp, Worm Drive", 25.40 ,mm,,,Clamp,,0.26,32.50, [C1]*[Size1]+[C2] ,,Clamp, ₹  39.10 ,,10-May-17,,[Size1]=final clamped diameter [mm],
,"Retaining Ring, R-ring", 6.00 ,mm,,,Retaining Ring,,0.01,0.85,[C1]*([Size1]^2)+[C2],,, ₹  1.27 ,,10-May-17,,[Size1]=shaft diameter [mm],
,"Retaining Ring, Internal", 6.00 ,mm,,,Retaining Ring,,0.01,0.85,[C1]*([Size1]^2)+[C2],,, ₹  1.27 ,,10-May-17,,[Size1]=shaft diameter [mm],
,"Retaining Ring, External", 6.00 ,mm,,,Retaining Ring,,0.01,0.85,[C1]*([Size1]^2)+[C2],,, ₹  1.27 ,,10-May-17,,[Size1]=shaft diameter [mm],
,"Retaining Ring, Spiral", 6.00 ,mm,,,Retaining Ring,,0.01,1.63,[C1]*([Size1]^2)+[C2],,, ₹  2.05 ,,10-May-17,,[Size1]=shaft diameter [mm],
,Alcoa Camloc Fastener 1/4 turn, ₹  260.00 ,unit,,,,,,,,,,,,10-May-17,,,
,"Bolt, Aluminum",,mm,,mm,Bolt,,65.00,0.33,[C1]/105154*[Size1]^2*[Size2]*SQRT([Size2])+([C2]*EXP(0.319*[Size1])),,, ₹  0.33 ,,10-May-17,,"[Size1]=diameter (mm).  [Size2]=length (mm).    Strength 255 Mpa.  Special varities included (drilled head, locking, etc.).",
,"Bolt, Banjo",,unit,,,,,,,,,,,,10-May-17,,This item is in the materials table under plumbing, 
,"Bolt, Custom Design, Student Made", ₹  -   ,unit,,,Bolt,,,,,,,,,10-May-17,,"To be used for designs that do not match standard bolt configurations, such as threaded rocker arm posts",
,"Bolt, Grade 10.9 (SAE 8)",12.7,mm,0,mm,Bolt,,65.00,0.26,[C1]/105154*[Size1]^2*[Size2]*SQRT([Size2])+([C2]*EXP(0.319*[Size1])),,, ₹  14.94 ,,,,"[Size1]=diameter (mm).  [Size2]=length (mm).    Strength 1030 Mpa.   Special varities included (drilled head, locking, etc.).",
,"Bolt, Grade 12.9",12.7,mm,0,mm,Bolt,,81.25,0.33,[C1]/105154*[Size1]^2*[Size2]*SQRT([Size2])+([C2]*EXP(0.319*[Size1])),,, ₹  18.68 ,,,,"[Size1]=diameter (mm).  [Size2]=length (mm).    Strength 1170 Mpa.   Special varities included (drilled head, locking, etc.).",
,"Bolt, Grade 6.8 (SAE 3) and All Grades less than Metric 8.8",12.7,mm,0,mm,Bolt,,39.00,0.16,[C1]/105154*[Size1]1^2*[Size1]2*SQRT([Size1]2)+([C2]*E[Size1]P(0.319*[Size1]1)),,, ₹  8.97 ,,,,"[Size1]=diameter (mm).  [Size2]=length (mm).    Strength 670 Mpa.   Special varities included (drilled head, locking, etc.)",
,"Bolt, Grade 8.8 (SAE 5)",12.7,mm,0,mm,Bolt,,52.00,0.20,[C1]/105154*[Size1]^2*[Size2]*SQRT([Size2])+([C2]*EXP(0.319*[Size1])),,, ₹  11.21 ,,,,"[Size1]=diameter (mm).  [Size2]=length (mm).    Strength 830 Mpa.   Special varities included (drilled head, locking, etc.).",
,"Bolt, Grade AN",12.7,mm,0,mm,Bolt,,130.00,1.30,[C1]/105154*[Size1]^2*[Size2]*SQRT([Size2])+([C2]*EXP(0.319*[Size1])),,, ₹  74.71 ,,,,"[Size1]=diameter (mm).  [Size2]=length (mm).    Strength 830 Mpa.   Special varities included (drilled head, locking, etc.).",
,"Bolt, Grade NAS 12-Point",12.7,mm,0,mm,Bolt,,406.25,6.50,[C1]/105154*[Size1]^2*[Size2]*SQRT([Size2])+([C2]*EXP(0.319*[Size1])),,, ₹  373.57 ,,,,"[Size1]=diameter (mm).  [Size2]=length (mm).    Strength 1240 Mpa.   Special varities included (drilled head, locking, etc.).",
,"Bolt, Grade NAS 6-Point",12.7,mm,0,mm,Bolt,,162.50,2.60,[C1]/105154*[Size1]^2*[Size2]*SQRT([Size2])+([C2]*EXP(0.319*[Size1])),,, ₹  149.43 ,,,,"[Size1]=diameter (mm).  [Size2]=length (mm).    Strength 1100 Mpa.   Special varities included (drilled head, locking, etc.).",
,"Buckle, side release, metal",25,mm, , ,Bolt,,3.32,38.35,[C1]*[Size1]+[C2],,, ₹  121.23 ,,10-May-17,,[Size1]=width of strap (mm).  ,
,Clevis,12.7,mm,, ,,,0.65,39.65,[C1]*[Size1]^2+[C2],,, ₹  144.49 ,,10-May-17,,[Size1]=bore size (diameter of hole).  Includes male/female and left/right threads.,
,"Dzus Fastener, 1/4 Turn, Slotted Head", ₹  78.00 ,unit,,,,,,,,,,,,10-May-17,,"Includes 1/4 Turn stud, plate, spring and spring receptacle",
,"Dzus Fastener, 1/4 Turn, Wing Head", ₹  84.50 ,unit,,,,,,,,,,,,10-May-17,,"Includes 1/4 Turn stud, plate, spring and spring receptacle",
,"Eyebolt, Threaded, Steel",,mm,,,,,56.55,3.25,[Quantity]*(([C1]*EXP([C2]*[Size1]))),,, ₹  56.55 ,,10-May-17,,[Size1]=Inner Diameter of Eye,
,"Hook and Loop, Hook Side (Velcro)", ₹  0.20 ,cm^2,,,,,,,,,,,,,,Same cost for adhesive backed or non-adhesive backed.  Only includes one side of joint (hook side),
,"Hook and Loop, Loop Side (Velcro)", ₹  0.13 ,cm^2,,,,,,,,,,,,,,Same cost for adhesive backed or non-adhesive backed.  Only includes one side of joint (loop side),
,"Nut, Custom Design, Student Made", ₹  -   ,unit,,,Nut,,,,,,,,,10-May-17,,"To be used for designs that do not match standard nut configurations, such as wheel nuts",
,"Nut, Grade 10.9 (SAE 8)",,mm,,mm,Nut,,0.78,13.00,([C1]*EXP([C2]*[Size1])),,, ₹  0.78 ,,10-May-17,,"[Size1]=diameter (mm).  Special varities included (drilled head, locking, etc.).",
,"Nut, Grade 12.9",,mm,,mm,Nut,,0.98,13.00,([C1]*EXP([C2]*[Size1])),,, ₹  0.98 ,,10-May-17,,"[Size1]=diameter (mm).  Special varities included (drilled head, locking, etc.).",
,"Nut, Grade 6.8 (SAE 3) and All Grades less than Metric 8.8",,mm,,mm,Nut,,0.46,13.00,([C1]*EXP([C2]*[Size1])),,, ₹  0.46 ,,10-May-17,,,
,"Nut, Grade 8.8 (SAE 5)",,mm,,mm,Nut,,0.59,13.00,([C1]*EXP([C2]*[Size1])),,, ₹  0.59 ,,10-May-17,,"[Size1]=diameter (mm).  Special varities included (drilled head, locking, etc.).",
,"Nut, Grade AN",,mm,,mm,Nut,,3.90,13.00,([C1]*EXP([C2]*[Size1])),,, ₹  3.90 ,,10-May-17,,"[Size1]=diameter (mm).  Special varities included (drilled head, locking, etc.).",
,"Nut, Grade NAS 12-Point",,mm,,mm,Nut,,19.50,13.00,([C1]*EXP([C2]*[Size1])),,, ₹  19.50 ,,10-May-17,,"[Size1]=diameter (mm). Special varities included (drilled head, locking, etc.).",
,"Nut, Grade NAS 6-Point",,mm,,mm,Nut,,7.80,13.00,([C1]*EXP([C2]*[Size1])),,, ₹  7.80 ,,10-May-17,,"[Size1]=diameter (mm).  Special varities included (drilled head, locking, etc.).",
,"Nut, Lug", ₹  26.00 ,unit,,,,,,,,,,,,10-May-17,,Any size,
,"Nut, Panel Retained",,unit,,mm,,,3.25,16.25,[Quantity]*([C1]*EXP([C2]*[Size1])),,, ₹  3.25 ,,10-May-17,,"Any type of nut with a retaining or anti-rotation feature for a panel (weldnut, etc.)", 
,Nutsert (J-Nut),,unit,,mm,,,3.25,16.25,[C1]*EXP([C2]*[Size1]),,, ₹  3.25 ,,10-May-17,,, 
,"Pin, Cotter, Straight", ₹  3.25 ,,,,,,,,,,,,,10-May-17,,All sizes up to 5mm diameter., 
,"Pin, Cotter, Hairpin", ₹  5.20 ,,,,,,,,,,,,,10-May-17,,All sizes up to 5mm wire diameter., 
,"Pin, Plastic Push", ₹  6.50 ,unit,,,,,,,,,,,,10-May-17,,Any size, 
,"Pin, Safety, Coiled Wire",,unit,,mm,,,0.59,26.00, [Quantity]*([C1]*[Size1]+[C2]) ,,, ₹  26.00 ,,10-May-17,,[Size1]=Usable length (mm).,
,"Pin, Safety, Square Retainer Snap",,unit,,mm,,,0.07,65.00, [Quantity]*([C1]*[Size1]*[Size2]+[C2]) ,,, ₹  65.00 ,,10-May-17,,"[Size1]=Pin Diameter (mm), [Size2]=Usable length (mm).",
,"Pin, Quick Release",,mm,,mm,,,0.07,910.00,[Quantity]*([C1]*[Size1]^2*[Size2]+[C2]),,, ₹  910.00 ,,10-May-17,,"[Size1]=Diameter (mm).  [Size2]=Usable Length.  Any style pin (T-handle, Ring Grip, etc.).",
,"Rivet, Pop", ₹  1.95 ,unit,,,Rivet,,,,,,,,,10-May-17,,Any diameter and length, 
,Safety Wire, ₹  -   ,unit,,,,,,,,,,,,10-May-17,,Included in labor cost., 
,"Stud, Grade 10.9 (SAE 8)",,mm,,mm,Stud,,65.00,0.26,[C1]/105154*[Size1]^2*[Size2]*SQRT([Size2])+([C2]*EXP(0.319*[Size1])),,, ₹  0.26 ,,,,"[Size1]=diameter (mm).  [Size2]=length (mm).    Strength 1030 Mpa.   Special varities included (drilled head, locking, etc.).", 
,"Stud, Grade 12.9",,mm,,mm,Stud,,81.25,0.33,[C1]/105154*[Size1]^2*[Size2]*SQRT([Size2])+([C2]*EXP(0.319*[Size1])),,, ₹  0.33 ,,,,"[Size1]=diameter (mm).  [Size2]=length (mm).    Strength 1170 Mpa.   Special varities included (drilled head, locking, etc.).", 
,"Stud, Grade 8.8 (SAE 5)",,mm,,mm,Stud,,52.00,0.20,[C1]/105154*[Size1]^2*[Size2]*SQRT([Size2])+([C2]*EXP(0.319*[Size1])),,, ₹  0.20 ,,,,"[Size1]=diameter (mm).  [Size2]=length (mm).    Strength 830 Mpa.   Special varities included (drilled head, locking, etc.).", 
,"Tapered Pin, Threaded (AN386)", ₹  162.50 ,unit,,,,,,,,,,,,10-May-17,,AN386 up to 6.35mm,
,Tie Wrap, ₹  2.60 ,unit,,,,,,,,,,,,10-May-17,,"Includes all styles and sizes of plastic cable ties including Cable Clamp, Zip Tie, etc.", 
,Thread Insert,,mm,,,,,6.50,, [Quantity]*([C1]*[Size1]) ,,,,,10-May-17,,[Size1]=nominal hole diameter (mm).,
,"Washer, Crush",,mm,,,,,,,,,,,,10-May-17,,This item is in the materials table under plumbing, 
,"Washer, Grade 10.9 (SAE 8)", ₹  1.30 ,unit,,,Washer,,,,,,,,,10-May-17,,"[Size1]=diameter (mm).  Any thickness.  Special varities included (drilled head, locking, etc.).", 
,"Washer, Grade 12.9", ₹  1.30 ,unit,,,Washer,,,,,,,,,10-May-17,,"[Size1]=diameter (mm).  Any thickness.  Special varities included (drilled head, locking, etc.).", 
,"Washer, Grade 6.8 (SAE 3) and All Grades less than Metric 8.8", ₹  0.65 ,unit,,,Washer,,,,,,,,,10-May-17,,"[Size1]=diameter (mm).  Any thickness.  Special varities included (drilled head, locking, etc.).", 
,"Washer, Grade 8.8 (SAE 5)", ₹  0.65 ,unit,,,Washer,,,,,,,,,10-May-17,,"[Size1]=diameter (mm).  Any thickness.  Special varities included (drilled head, locking, etc.).", 
,"Washer, Grade AN",,mm,,mm,Washer,,0.33,11.70,([C1]*EXP([C2]*[Size1])),,, ₹  0.33 ,,10-May-17,,"[Size1]=diameter (mm).  Any thickness.  Special varities included (drilled head, locking, etc.).", 
,"Washer, Grade NAS 12-Point",,mm,,mm,Washer,,0.33,23.40,([C1]*EXP([C2]*[Size1])),,, ₹  0.33 ,,10-May-17,,, 
,"Washer, Grade NAS 6-Point",,mm,,mm,Washer,,0.33,23.40,([C1]*EXP([C2]*[Size1])),,, ₹  0.33 ,,10-May-17,,"[Size1]=diameter (mm).  Any thickness.  Special varities included (drilled head, locking, etc.).",
,,,,,,,,,,,,,,,,,, 
,,,,,,,,,,,,,,,,,, 
,,,,,,,,,,,,,,,,,, 
,,,,,,,,,,,,,,,,,, 
,,,,,,,,,,,,,,,,,, 
,,,,,,,,,,,,,,,,,, 
,,,,,,,,,,,,,,,,,,
,,,,,,,,,,,,,,,,,,
,,,,,,,,,,,,,,,,,,
,,,,,,,,,,,,,,,,,,
,,,,,,,,,,,,,,,,,,
,,,,,,,,,,,,,,,,,,
,,,,,,,,,,,,,,,,,,
,,,,,,,,,,,,,,,,,,
,,,,,,,,,,,,,,,,,,
,,,,,,,,,,,,,,,,,,
,,,,,,,,,,,,,,,,,,
,,,,,,,,,,,,,,,,,,
,,,,,,,,,,,,,,,,,,
,,,,,,,,,,,,,,,,,,
,"Adapter, AN",,,,,,,,,,,"Fitting, AN",,,,,,
,"Coupling, AN",,,,,,,,,,,"Fitting, AN",,,,,,
,"Elbow, AN",,,,,,,,,,,"Fitting, AN",,,,,,
,"Tee, AN",,,,,,,,,,,"Fitting, AN",,,,,,
,"Cap, AN",,,,,,,,,,,"Fitting, AN",,,,,,
,"Plug, AN",,,,,,,,,,,"Fitting, AN",,,,,,
,"Nut, AN",,,,,,,,,,,"Fitting, AN",,,,,,
,"Sleeve, AN",,,,,,,,,,,"Fitting, AN",,,,,,